id,n_cells,area_m2,max_depth_m,p95_depth_m,mean_depth_m,volume_m3,fill_ratio,floor_sigma_z_m,rim_sigma_z_m,centroid_lat,centroid_lon
66347,15862,1586200.0,3.8189087,3.5739868,1.3164945,2.0882235e+06,0.34473053,0.14156233,0.14054903,12.956158269750928,77.7583242723922
8971,37853,3785300.0,0.94018555,0.8723999,0.5441106,2.0596219e+06,0.5787268,0.12115626,0.13767996,13.080480809103486,77.76736672331111
88889,9619,961900.0,2.5505981,2.5056763,1.9189183,1.8458074e+06,0.7523405,0.08839981,0.14396165,12.907052195011754,77.61651697257247
78186,18204,1820400.0,1.7820435,0.6655884,0.6427613,1.1700826e+06,0.36068776,0.1706543,0.15234977,12.934335700268571,77.66555611691075
11155,1358,135800.0,15.248657,13.58978,7.7693024,1.0550712e+06,0.5095073,0.13002706,0.14092991,13.087376763686535,77.69682250182096
5896,1173,117300.0,15.111816,13.338916,8.336845,977912.0,0.5516772,0.15982868,0.13996373,13.110146598608168,77.68250948444788
43660,11956,1195600.0,2.3704224,1.1828003,0.5359797,640817.3,0.22611147,0.15330735,0.14665982,12.995353678063772,77.7738212372654
6161,833,83300.0,18.232056,14.751501,7.1005883,591479.0,0.38945627,0.111448094,0.14961858,13.109422078923648,77.66080947176174
7329,1461,146100.0,12.576965,7.8114624,3.9603205,578602.8,0.3148868,0.13111974,0.15429339,13.103156601640878,77.65010834329928
107730,782,78200.0,16.891113,14.156552,6.8174953,533128.1,0.40361434,0.1536378,0.15363121,12.85182444417343,77.62713073142983
10077,781,78100.0,14.821228,14.47699,6.8033066,531338.25,0.45902452,0.13422163,0.12939884,13.092640880282103,77.68311467533117
3,3913,391300.0,2.5928955,2.5928955,1.2415348,485812.6,0.47882178,0.15723683,0.14205004,13.145586342494708,77.48785376869326
89928,4066,406600.0,5.1398315,2.5934296,1.0500113,426934.56,0.20428903,0.0,0.13937071,12.905327460733035,77.48029726243522
13769,473,47300.0,21.586426,19.228077,7.8199296,369882.66,0.3622614,0.16099946,0.089503065,13.077356572038237,77.69225346100121
109297,613,61300.0,12.268433,11.368444,5.943653,364345.94,0.48446718,0.16147536,0.13521379,12.845491296886241,77.56176467921566
77545,2042,204200.0,4.4333496,3.9174285,1.6901104,345120.56,0.38122654,0.12994434,0.14559129,12.938814338853103,77.77702201747529
24750,3783,378300.0,2.4606323,0.9606323,0.91192484,344981.2,0.37060592,0.0141574405,0.1265085,13.046808960315435,77.58674490513108
55056,3508,350800.0,2.394104,0.894104,0.9127094,320178.47,0.38123214,0.060084194,0.15341099,12.982642466326691,77.61973615445403
91135,1478,147800.0,4.812683,3.5786805,2.1427374,316696.6,0.4452272,0.15593693,0.15081881,12.907835594476039,77.45742728897122
75406,1344,134400.0,3.95813,2.45813,2.0976658,281926.28,0.5299639,0.041712835,0.15733124,12.946254155449763,77.58342178496679
85584,2315,231500.0,3.8138428,2.3138428,1.0517274,243474.9,0.2757658,0.07351275,0.1438066,12.921294750966686,77.64145837111651
6766,534,53400.0,6.967041,6.506479,4.214761,225068.23,0.6049571,0.14346907,0.1675705,13.10662440655526,77.64609598849262
94823,327,32700.0,16.1344,15.172455,6.8032174,222465.2,0.42165914,0.17970987,0.088476956,12.898030953302849,77.67106798708495
100852,2523,252300.0,2.5909424,1.6948059,0.87520826,220815.03,0.33779532,0.1640418,0.14624766,12.875182194414858,77.7730738000371
6019,303,30300.0,14.245728,13.598078,6.4405723,195149.34,0.45210555,0.15079604,0.15864956,13.111101831423126,77.6527653834284
602,2246,224600.0,3.3573608,1.7142792,0.7866265,176676.31,0.23429906,0.10360574,0.14614867,13.140623236432397,77.66198156014482
9187,797,79700.0,10.826782,8.99762,2.1904337,174577.56,0.20231621,0.1787496,0.12376659,13.096324414387835,77.6671968601498
4297,383,38300.0,9.859436,9.196814,4.5222106,173200.66,0.45866826,0.12691838,0.15482457,13.120438275685853,77.65951760741751
77500,2238,223800.0,2.420044,1.8990418,0.6992772,156498.25,0.28895232,0.12649985,0.1346615,12.939832190541145,77.6817112029978
6160,291,29100.0,12.12915,11.588593,5.3222923,154878.72,0.43880177,0.14800647,0.13603179,13.109802311522673,77.64938895049524
109754,409,40900.0,7.3119507,6.763623,3.6833441,150648.78,0.50374305,0.13248037,0.15212467,12.843557421184657,77.62928664338394
111552,357,35700.0,6.555969,6.4269166,3.8987288,139184.62,0.5946838,0.1351945,0.15988977,12.834540647951417,77.62317461554244
4610,963,96300.0,2.6993408,2.4675415,1.3715163,132077.03,0.5080931,0.14047691,0.14761305,13.118096019859008,77.65082427727046
4978,2921,292100.0,1.9307251,0.8352661,0.44753525,130725.05,0.23179646,0.09122389,0.09988088,13.111777307326113,77.59451887874754
5633,159,15900.0,18.587158,17.615406,7.9222975,125964.52,0.42622423,0.21185303,0.17926697,13.113749727668196,77.65181869964952
73036,4612,461200.0,1.8505859,0.5060608,0.27206922,125478.32,0.14701787,0.1412115,0.12537798,12.946169813826081,77.6946505110111
7204,393,39300.0,7.0238037,5.9298706,3.1119525,122299.734,0.44305798,0.14369664,0.14165464,13.104747343583036,77.64721627596963
112141,222,22200.0,12.878845,11.421951,5.4893765,121864.16,0.426232,0.17487867,0.15055043,12.832086577880402,77.60324636077392
86431,1477,147700.0,2.8798828,1.368689,0.78250515,115576.016,0.27171424,0.14755256,0.1497612,12.919087206384836,77.72147456579036
7531,283,28300.0,9.315979,8.546265,3.9014978,110412.39,0.41879633,0.14222062,0.1528198,13.103440996110352,77.6687584762601
73465,1365,136500.0,2.8156738,1.5777954,0.80232525,109517.4,0.28494966,0.0014475264,0.13016877,12.949792583858102,77.45960032646774
46567,463,46300.0,4.5356445,4.5356445,2.2341514,103441.21,0.4925764,0.05445937,0.15060054,13.002307200193943,77.58620906369286
18280,2730,273000.0,1.845459,0.34545898,0.37522984,102437.74,0.20332602,0.05005959,0.07293925,13.062624549778757,77.61394536719033
5328,252,25200.0,8.343567,6.8608427,3.7165523,93657.12,0.44543925,0.17147827,0.13949813,13.11532240448207,77.65159304137997
71544,9928,992800.0,1.5422974,0.08270264,0.08716927,86541.65,0.056519102,0.1724377,0.019856798,12.947776809789296,77.73812101651453
58673,525,52500.0,2.718933,2.6592407,1.4209144,74598.01,0.5226,0.08471899,0.14860861,12.978970076564705,77.65650290056287
39292,1016,101600.0,1.9814453,1.9814453,0.71479344,72623.016,0.36074346,0.13456096,0.10481546,13.014109562471651,77.78674940868724
107027,128,12800.0,9.662476,9.397385,5.5860505,71501.445,0.5781179,0.12877238,0.11418931,12.856412762110676,77.63076660014511
88775,821,82100.0,2.3775024,2.3775024,0.87065476,71480.76,0.36620563,0.098379806,0.12974237,12.913516564182594,77.67340039356414
16712,1487,148700.0,2.5593262,1.6395996,0.446663,66418.79,0.17452367,0.12199874,0.12014576,13.065345464210639,77.72372427563576
6440,158,15800.0,8.211609,7.850122,4.1842265,66110.78,0.50955015,0.15412708,0.14624871,13.108997276651893,77.65503343875088
6730,127,12700.0,11.738831,11.027594,5.1710176,65671.92,0.44050536,0.13541853,0.15006678,13.107415989389086,77.64893477066713
6561,266,26600.0,5.219116,4.578583,2.44899,65143.14,0.46923468,0.15795752,0.16675177,13.107679808084676,77.65362042250754
64389,2333,233300.0,0.45758057,0.43464357,0.2682526,62583.336,0.5862413,0.13019727,0.13019727,12.96554969703051,77.78665782851745
56518,386,38600.0,3.4682007,3.4682007,1.5958838,61601.117,0.4601475,0.10319624,0.13844477,12.983084644770532,77.63596302406187
81698,538,53800.0,2.0285034,1.9312042,1.1447264,61586.28,0.5643207,0.1289419,0.1446666,12.930290082907602,77.77204425705668
10777,676,67600.0,1.5405273,1.4801941,0.90002245,60841.516,0.58423007,0.14315549,0.14141047,13.08956662416748,77.7166303610201
12579,640,64000.0,2.78302,1.7779725,0.92931163,59475.945,0.333922,0.1637288,0.1372125,13.082445960273704,77.5074079386151
111666,199,19900.0,8.761536,7.1217527,2.7986827,55693.785,0.31942832,0.17590332,0.15533055,12.835459614379806,77.55994186081968
6265,114,11400.0,9.876404,9.445511,4.732147,53946.477,0.47913668,0.17783287,0.09956306,13.110062309410441,77.65134952998
101209,909,90900.0,1.9771729,1.2108399,0.59056664,53682.508,0.29869246,0.15618172,0.1454961,12.87906982461271,77.4743123926187
64209,227,22700.0,2.9872437,2.9523742,2.360644,53586.62,0.7902416,0.12194461,0.16414508,12.96966175721909,77.59348881115801
12351,124,12400.0,9.411865,9.048129,4.0602202,50346.727,0.43139377,0.15905005,0.14490677,13.08379299277322,77.72406452681356
109500,1009,100900.0,1.263916,0.9119995,0.48494864,48931.316,0.38368738,0.107767895,0.15068533,12.842895552420126,77.76234326434543
30634,951,95100.0,0.81500244,0.81500244,0.51185614,48677.52,0.62804246,0.14319155,0.14773774,13.032075982648577,77.72667162401486
11088,445,44500.0,2.9754639,2.3124268,1.0910164,48550.23,0.36667103,0.14794983,0.14605875,13.089459825665513,77.6250011131721
111828,162,16200.0,5.387146,5.2566404,2.9700196,48114.32,0.551316,0.13426681,0.15572034,12.834062359921491,77.61264878197855
109117,218,21800.0,2.5931396,2.5931396,2.1147497,46101.543,0.81551707,0.06448656,0.16877979,12.846044445947664,77.67417656239446
10522,514,51400.0,2.0735474,1.8736786,0.88981646,45736.566,0.42912763,0.13075556,0.13314767,13.092154095901277,77.51136447487967
87813,648,64800.0,2.4347534,2.0360076,0.6985134,45263.664,0.28689286,0.11980777,0.15124863,12.917745428158259,77.46137924532195
78677,404,40400.0,3.3935547,2.5058472,1.0907136,44064.832,0.3214074,0.16588004,0.15176289,12.940298018974287,77.45689658549479
71344,1290,129000.0,3.916748,0.9214417,0.3388187,43707.61,0.0865051,0.0,0.13318418,12.953624344349784,77.64363586304577
8027,479,47900.0,3.06604,2.1224732,0.885438,42412.48,0.2887888,0.14372772,0.13627985,13.102189216489453,77.55667590683679
844,2474,247400.0,1.1318359,0.41491395,0.16864146,41721.9,0.14899816,0.13629037,0.10617775,13.13955402684441,77.48681666701404
81429,293,29300.0,1.8010864,1.8010864,1.412377,41382.65,0.78418064,0.0756122,0.13576885,12.933632612489445,77.57645753985032
6479,1527,152700.0,0.7789917,0.62756956,0.27096796,41376.805,0.34784445,0.12932688,0.11771784,13.10841814933474,77.47716292839883
5719,113,11300.0,6.874817,6.5505495,3.6438637,41175.66,0.53003067,0.1579762,0.15092163,13.113470825286155,77.6493025927616
107617,137,13700.0,8.435913,8.083338,2.9767036,40780.84,0.35286087,0.13497557,0.15163375,12.853056452963234,77.6243451008987
29755,384,38400.0,3.4920044,3.461551,1.0508814,40353.844,0.3009393,0.13963735,0.13028395,13.035517738766357,77.5512158863159
110867,385,38500.0,3.8596802,2.3093872,1.0233548,39399.156,0.26513976,0.058926806,0.15639758,12.837113210739194,77.73881637297065
85158,427,42700.0,1.5067139,1.4724243,0.91493255,39067.62,0.6072371,0.14744571,0.1439349,12.925507419046252,77.4569398802487
106692,101,10100.0,9.046387,8.474731,3.863729,39023.664,0.4271019,0.13342954,0.16312681,12.857912949943064,77.62698546024623
29742,427,42700.0,1.8157959,1.6471924,0.90594023,38683.65,0.49892184,0.12724859,0.14281514,13.034584198327808,77.70991297823196
77217,324,32400.0,3.4332886,2.8881714,1.1765816,38121.246,0.34269816,0.15728037,0.14362767,12.943374904303699,77.45902812019735
90401,791,79100.0,2.0749512,1.7097168,0.4701424,37188.26,0.22657996,0.10387929,0.1408942,12.909781241649373,77.66907693038867
52213,289,28900.0,2.1744385,2.1744385,1.2270421,35461.516,0.5643029,0.12214135,0.14635682,12.990873960582787,77.63739165284362
88705,938,93800.0,1.1889038,0.9510864,0.373749,35057.652,0.31436434,0.13932632,0.13673183,12.913631017891499,77.71949993682578
527,316,31600.0,2.9591675,2.746704,1.0884377,34394.63,0.36781886,0.13761602,0.12508252,13.140473297423913,77.77866404315289
111595,145,14500.0,6.4676514,5.517334,2.3558004,34159.105,0.36424357,0.15747148,0.13354306,12.835149229344779,77.61972813402417
35596,398,39800.0,1.753418,1.5763153,0.85680354,34100.78,0.48864767,0.13110438,0.15390995,13.022447766596871,77.75608855135513
4578,97,9700.0,7.9363403,7.3896728,3.49255,33877.734,0.4400706,0.09870067,0.15097845,13.119499314839176,77.65794054738835
99636,98,9800.0,5.3914185,5.3914185,3.3665535,32992.223,0.6244281,0.0819828,0.14254235,12.884062045042452,77.65632853018268
104974,120,12000.0,5.904175,5.477698,2.7440927,32929.113,0.46477163,0.16203037,0.11542056,12.865116194588731,77.60714273640795
14149,487,48700.0,1.1932983,1.0957825,0.67196584,32724.738,0.56311643,0.13060005,0.14851367,13.078980847881555,77.47244394399655
24027,540,54000.0,1.3530273,1.2721008,0.58278626,31470.459,0.43072763,0.17013331,0.14554493,13.047583267420801,77.6624560158916
3616,406,40600.0,1.3036499,1.1797028,0.7701434,31267.822,0.59075934,0.1120848,0.14425416,13.123680453673263,77.65143289463042
94138,807,80700.0,1.614502,1.5309753,0.38734415,31258.674,0.23991558,0.17448811,0.041593455,12.89925757993119,77.57942179946274
99151,183,18300.0,4.201233,3.6461914,1.6973243,31061.035,0.40400624,0.16212803,0.14783914,12.886184394605603,77.55333862094575
102575,253,25300.0,1.5478516,1.5478516,1.2063719,30521.209,0.77938473,0.094710656,0.1493373,12.874174933573954,77.57960179273023
5474,266,26600.0,3.1815186,2.5383453,1.1399732,30323.285,0.35831103,0.10684702,0.13083059,13.114709920232325,77.62866099315212
10809,213,21300.0,4.4229126,3.7090821,1.4205142,30256.951,0.32117164,0.12748426,0.15759704,13.091238886893018,77.55535137519945
106930,107,10700.0,7.328186,6.1740966,2.8083975,30049.854,0.38323227,0.14913405,0.13031247,12.856973544476192,77.62923160267223
107283,85,8500.0,10.577759,8.926257,3.4876006,29644.605,0.32971072,0.16986205,0.13113931,12.854951152827446,77.62930753697783
80463,649,64900.0,1.0235596,0.9139404,0.4555967,29568.225,0.44511008,0.1259075,0.14921807,12.933960038199045,77.6788645616468
793,394,39400.0,1.3387451,1.3387451,0.74137175,29210.047,0.5537811,0.14182465,0.12674797,13.140431158050074,77.61611352503424
110447,108,10800.0,6.6973267,5.995703,2.6902573,29054.78,0.40169123,0.17014958,0.16666868,12.840982424562668,77.62509802772671
1876,334,33400.0,1.4744263,1.3820465,0.8539847,28523.09,0.579198,0.14075369,0.14969827,13.13460734006057,77.53687870493879
447,427,42700.0,1.5385742,1.5126526,0.6631627,28317.047,0.4310242,0.15322162,0.12683365,13.139491514438374,77.71269907169811
10218,327,32700.0,1.5958862,1.5958862,0.8569881,28023.512,0.5369983,0.1611739,0.14670473,13.09270824094841,77.62884636932237
106898,117,11700.0,4.4402466,4.0544677,2.366124,27683.648,0.53288114,0.16828293,0.12740354,12.85760610428774,77.56467155281375
24428,327,32700.0,1.4124146,1.3845154,0.8329331,27236.914,0.5897229,0.15623423,0.12937072,13.047376475074874,77.70894136800544
539,675,67500.0,1.6160889,1.510083,0.38715044,26132.654,0.23956011,0.120231435,0.08050958,13.138900971569006,77.69038151360303
31529,179,17900.0,3.7601318,2.5265503,1.3723161,24564.459,0.3649649,0.1434021,0.07606491,13.032776815910422,77.54810391906656
23847,530,53000.0,0.93481445,0.8856537,0.4546161,24094.652,0.48631695,0.13922748,0.13817908,13.052302488167793,77.48396286284739
6689,109,10900.0,4.364258,4.0430055,2.1594853,23538.39,0.4948116,0.16051078,0.15740617,13.107392614477357,77.65722057500263
705,506,50600.0,2.2451782,1.4606476,0.46420193,23488.617,0.20675504,0.13505739,0.14389792,13.141222251972616,77.59065838981385
10239,214,21400.0,1.1211548,1.1211548,1.0630639,22749.566,0.9481865,0.041467,0.118592694,13.08736580392601,77.61058356500597
102558,529,52900.0,1.338623,0.979895,0.4259137,22530.836,0.31817302,0.13062178,0.13802001,12.871648269201396,77.77726318458735
4140,274,27400.0,2.191162,1.7845123,0.81714714,22389.832,0.37292865,0.12341182,0.14280117,13.119328742531945,77.7768934357337
109330,584,58400.0,1.2393188,0.9225189,0.37963971,22170.959,0.30632934,0.11444678,0.14531389,12.843798887743644,77.73902008107594
6647,238,23800.0,1.8278809,1.6903381,0.92889124,22107.611,0.5081793,0.1541442,0.1386872,13.108916738588052,77.50685948819283
51911,769,76900.0,1.6127319,0.68670654,0.28138041,21638.152,0.17447437,0.13830496,0.13535248,12.99132729397169,77.62165612429885
32395,275,27500.0,0.8105469,0.8105469,0.778758,21415.844,0.9607809,0.053612415,0.15143016,13.023181274991575,77.72906401329955
35122,1737,173700.0,0.27941895,0.25657958,0.12108268,21032.062,0.43333742,0.07355038,0.07355038,13.02060240869225,77.7785920389556
49811,205,20500.0,2.524353,1.9870605,1.0213697,20938.08,0.40460655,0.14821205,0.15079418,12.994965279777496,77.70833306480002
4311,777,77700.0,0.602478,0.5310669,0.2681957,20838.807,0.44515434,0.1350384,0.14296494,13.119112603942675,77.68285725194235
81301,162,16200.0,3.0089111,2.7596862,1.2757373,20666.943,0.42398635,0.14998527,0.14221203,12.932547059565687,77.71716745889893
97432,101,10100.0,3.8809204,2.6760864,2.0396476,20600.44,0.52555764,0.0,0.18382339,12.890747604659929,77.66436645605093
6178,554,55400.0,1.6029053,1.4313691,0.36814523,20395.246,0.22967373,0.11675092,0.07693712,13.11055902239736,77.57066700267532
108364,591,59100.0,2.02417,1.3938904,0.3375615,19949.885,0.16676539,0.13488488,0.14169055,12.847720343350918,77.70600564792615
8154,542,54200.0,1.7945557,1.7560151,0.35260382,19111.127,0.19648531,0.14479706,0.08991378,13.099527720313342,77.65179067560877
98251,296,29600.0,0.8022461,0.8022461,0.6456175,19110.277,0.80476236,0.12291361,0.15487315,12.8882225263349,77.57505641296696
73836,275,27500.0,2.5473022,1.8266846,0.6842212,18816.082,0.2686062,0.18150245,0.15240481,12.950756357326307,77.64858916616684
106187,332,33200.0,2.128479,1.7676758,0.5656707,18780.268,0.2657629,0.14066574,0.1354001,12.860085608351008,77.52596927330279
11685,1656,165600.0,0.27557373,0.23683167,0.111806124,18515.094,0.40572128,0.067270026,0.067270026,13.084219054405592,77.78457280892796
54378,195,19500.0,1.7533569,1.7042481,0.9271794,18079.998,0.5288024,0.1553481,0.13995934,12.98734869012876,77.63766710436698
102456,243,24300.0,1.5637817,1.3738037,0.7429257,18053.094,0.47508273,0.13618115,0.14316553,12.87549507900872,77.47552005234253
106954,617,61700.0,0.8607788,0.74538577,0.2892087,17844.178,0.33598495,0.14743683,0.12119594,12.855329176926313,77.69650211197846
59351,149,14900.0,2.4847412,2.013208,1.1494021,17126.092,0.46258423,0.15909483,0.14657222,12.978842768527812,77.59956522451883
69121,432,43200.0,0.79278564,0.6462738,0.38915196,16811.365,0.49086657,0.09708377,0.15367712,12.959488784880175,77.62913683134886
89693,232,23200.0,2.0794678,1.757425,0.7162247,16616.412,0.3444269,0.14351836,0.14573003,12.911296240817551,77.78764631855482
105540,235,23500.0,1.6289062,1.426178,0.70562667,16582.227,0.43319046,0.12901086,0.14470911,12.863726331149818,77.48315604160223
9017,412,41200.0,0.66674805,0.65142214,0.40242463,16579.895,0.60356325,0.13506839,0.14296235,13.098999941655512,77.49390672300281
13893,213,21300.0,1.4111938,1.3782959,0.7781885,16575.414,0.55143976,0.1416759,0.15062588,13.074128337632105,77.61232237066145
32353,152,15200.0,2.7472534,2.5182617,1.0711999,16282.238,0.3899167,0.16578914,0.15217951,13.028506049382907,77.77425449430005
21685,644,64400.0,0.6203003,0.5563507,0.2438834,15706.092,0.3931699,0.13490646,0.13443698,13.054547533521662,77.78555952478254
25612,625,62500.0,1.4564209,1.0610473,0.24893174,15558.233,0.1709202,0.15393624,0.089894675,13.044171296849935,77.59499610217314
17863,218,21800.0,1.1184082,1.0369995,0.71273917,15537.714,0.63728,0.105276644,0.14985985,13.0609036089944,77.67823424074975
90255,514,51400.0,0.66900635,0.5345062,0.29844114,15339.874,0.44609612,0.1104066,0.13786915,12.909819360108404,77.78006979384408
57883,86,8600.0,4.564636,3.97081,1.7549239,15092.346,0.38446087,0.16450387,0.17038608,12.982805118146342,77.49169797543222
19288,634,63400.0,1.6109619,1.4845307,0.23592032,14957.349,0.14644687,0.13517483,0.044908702,13.063076907085666,77.5641331444516
111130,199,19900.0,0.93969727,0.93969727,0.7404405,14734.766,0.78795636,0.12434357,0.15489455,12.837244458491304,77.61015294549499
73694,193,19300.0,1.3019409,1.2625122,0.76212925,14709.094,0.5853793,0.15572548,0.12781925,12.950918681101783,77.61804482724266
6410,129,12900.0,2.8199463,2.2438111,1.1336211,14623.712,0.40200093,0.16600262,0.16256651,13.109124047119245,77.62463678392646
96002,158,15800.0,1.1882935,1.1882935,0.91690177,14487.049,0.7716123,0.13927123,0.14579146,12.895311024179826,77.63950188830496
87867,93,9300.0,6.684326,4.4268312,1.5392581,14315.1,0.23027872,0.0,0.1261632,12.918093460000659,77.62730983765218
101662,335,33500.0,1.1901855,1.0081238,0.42503372,14238.629,0.3571155,0.14724664,0.1445417,12.878614662831884,77.46345087226666
56864,127,12700.0,1.5448608,1.5448608,1.1129905,14134.9795,0.7204471,0.16090073,0.12925759,12.98220995074755,77.71337726214806
27052,390,39000.0,1.529419,1.393872,0.3605622,14061.926,0.23575109,0.12540248,0.10738562,13.043250880918041,77.50161973506553
21560,244,24400.0,1.734375,1.4864044,0.56453395,13774.628,0.32549703,0.15672886,0.16246977,13.057811221395534,77.54267168939626
101829,109,10900.0,1.3091431,1.3091431,1.2595898,13729.529,0.96214837,0.08058985,0.18545604,12.876205714010243,77.69143653961403
75100,171,17100.0,1.4971924,1.4748535,0.79487336,13592.334,0.5309093,0.11365348,0.08312775,12.945446074978523,77.72383239030022
87799,120,12000.0,6.431885,4.724869,1.1269776,13523.73,0.17521732,0.16448975,0.13438037,12.917956818667344,77.62602678868178
56957,145,14500.0,1.3568115,1.2049072,0.91189384,13222.461,0.6720859,0.09289589,0.15808275,12.981531196517656,77.67214911798692
40582,137,13700.0,2.9384155,1.470166,0.9498745,13013.281,0.32326078,0.18743907,0.13668476,13.01239729100019,77.68497912198778
664,162,16200.0,1.4864502,1.471991,0.79784364,12925.067,0.5367443,0.16388367,0.13832408,13.137585500960906,77.76212503642368
76233,138,13800.0,1.4194336,1.3598754,0.9356097,12911.414,0.659143,0.16070437,0.13890356,12.943977350501202,77.70874775480002
5345,72,7200.0,4.075012,3.6095123,1.7877316,12871.668,0.43870583,0.1652367,0.13794519,13.115656778590974,77.65575796086564
37881,178,17800.0,1.2769165,1.2295501,0.717626,12773.742,0.56199914,0.13886374,0.14814213,13.016700726049507,77.73894490279903
95984,265,26500.0,1.0529175,0.9013306,0.48005602,12721.484,0.4559294,0.12263116,0.14185615,12.896830830220493,77.47775000905195
86726,168,16800.0,1.5090942,1.4428314,0.75026083,12604.383,0.49715972,0.14549667,0.13457274,12.922515033800645,77.45849150881905
50018,119,11900.0,2.0977173,1.9482605,1.0468206,12457.166,0.49902847,0.15638787,0.16937101,12.997413723211531,77.4614689979649
61677,255,25500.0,0.82159424,0.7654053,0.48686045,12414.941,0.5925802,0.13043703,0.15074265,12.975179054480622,77.46064946256774
108833,110,11000.0,1.6968994,1.6968994,1.1206421,12327.0625,0.66040564,0.1751903,0.14743514,12.84771086676446,77.6735861540745
110463,221,22100.0,1.0710449,1.0140381,0.55351317,12232.642,0.51679736,0.14517918,0.1530979,12.841362883468982,77.51837215281317
103751,113,11300.0,1.3081665,1.3081665,1.0648723,12033.057,0.8140189,0.091862,0.12311443,12.86821318296382,77.67608721420899
107222,42,4200.0,6.3756714,5.595215,2.8493042,11967.078,0.44690263,0.19284058,0.14323068,12.856164338347629,77.56509819009038
6856,59,5900.0,4.069397,3.863977,2.0057683,11834.033,0.4928908,0.17549062,0.18519194,13.10703283111538,77.65234686124015
20894,250,25000.0,1.2055664,1.0330322,0.4713662,11784.155,0.3909915,0.13352843,0.14901711,13.058556248388754,77.66311224360739
45827,309,30900.0,1.6416626,1.2102295,0.37238044,11506.555,0.22683127,0.13943285,0.12619531,13.001270682201902,77.78231134969019
110730,49,4900.0,5.7782593,5.077539,2.344912,11490.069,0.40581635,0.17825317,0.16319866,12.840271699880855,77.55946503818187
15009,148,14800.0,2.2702637,1.9876922,0.7731356,11442.407,0.3405488,0.14465417,0.13049385,13.074956535618972,77.65682081757093
75996,263,26300.0,1.684082,0.96068114,0.43461093,11430.268,0.25806993,0.22476196,0.1495121,12.9435114108437,77.78685040567089
72232,209,20900.0,0.880249,0.86503905,0.54598546,11411.096,0.62026244,0.14138623,0.15364917,12.953116544345546,77.59646893469007
38730,134,13400.0,1.0651855,0.9210205,0.8508492,11401.379,0.79878026,0.04554554,0.12959966,13.017064394565374,77.69938099442975
67924,124,12400.0,1.2875366,1.2665985,0.91660136,11365.857,0.71190315,0.13353606,0.14234503,12.961525830003534,77.64115771679857
100304,244,24400.0,1.0524902,0.9859497,0.46322006,11302.569,0.44011816,0.14778818,0.13486715,12.880781876691552,77.73027889145942
5321,159,15900.0,1.038208,1.038208,0.71036863,11294.861,0.68422574,0.16023463,0.11696839,13.11558553028471,77.61772890596957
96458,83,8300.0,3.58844,2.8682923,1.347568,11184.814,0.37553033,0.18136121,0.14296025,12.893814070997227,77.66425375675797
63512,245,24500.0,1.2409668,0.9515869,0.4556678,11163.861,0.36718774,0.11778795,0.13306415,12.970660362835659,77.58774125933168
6411,57,5700.0,5.375183,4.4040527,1.9542739,11139.361,0.36357346,0.15835571,0.1461648,13.109598805213583,77.62628375061156
86,155,15500.0,1.6174927,1.523645,0.7143972,11073.156,0.4416695,0.12550873,0.13289596,13.14399022560298,77.73490728023968
103603,148,14800.0,1.1234131,1.1234131,0.7409326,10965.802,0.6595371,0.16638581,0.13378973,12.87023031116246,77.59076190373867
6174,69,6900.0,2.9380493,2.7893434,1.5788902,10894.342,0.537394,0.14164351,0.1546531,13.110569564915242,77.6588496584107
75101,314,31400.0,0.9203491,0.8239624,0.34687018,10891.724,0.37688977,0.13072735,0.14137712,12.946534383924426,77.72795613654888
80225,162,16200.0,2.1765747,1.7121155,0.66324794,10744.617,0.30472097,0.17228067,0.15954196,12.937787883870282,77.46082759871287
86268,80,8000.0,4.2664185,3.4546723,1.3351173,10680.938,0.31293634,0.18283159,0.1189306,12.92061625080509,77.77458838855206
112101,87,8700.0,1.9994507,1.9994507,1.215386,10573.858,0.60785997,0.17245068,0.15831272,12.83323729891947,77.54591948589206
14976,481,48100.0,1.09552,0.8557739,0.21609579,10394.208,0.19725409,0.14662537,0.10125458,13.074690893233813,77.67420020467941
36499,81,8100.0,1.5,1.5,1.2831451,10393.476,0.85543007,0.06333148,0.095062174,13.022904839206197,77.49669191469597
